{"cameraMode":{"drawMode":0,"name":"Shaded","section":"Shading Mode"},"sceneLighting":false,"audioPlay":false,"sceneViewState":{"m_AlwaysRefresh":false,"showFog":true,"showSkybox":false,"showFlares":true,"showImageEffects":true,"showParticleSystems":true,"showVisualEffectGraphs":true,"m_FxEnabled":true},"in2DMode":false,"pivot":{"x":0.44125258922576907,"y":1.3136286735534669,"z":0.009464138187468052},"rotation":{"x":-0.26165270805358889,"y":-0.5252004265785217,"z":0.1737487018108368,"w":-0.79087895154953},"size":0.999557375907898,"orthographic":false}